"name","address","region","village","takeup_survey","age","agpop","educ","rice_inc","ricearea_2010","disaster_loss","insurance_repay","insurance_buy","disaster_prob","general_trust","male","default","delay","intensive","info_takeup_rate","info_takeup_list","info_none","understanding","day","risk_averse","literacy","educ_good","reveal","disaster_yes"
"33312109","yongfengcaomen2",3,"yongfeng",0,42,7,"0",100,10,20,"0","1",30,"1","0","0","1","0","0","0","1",0,39,0,"0","0",NA,"1"
"33312062","yongfengcaomen2",3,"yongfeng",1,62,4,"1",90,1,50,"0","1",60,"1","1","0","0","1","0","0","1",0.400000005960464,38,0,"1","0","0","1"
"33312055","yongfengcaomen1",3,"yongfeng",0,37,4,"2",40,8,10,"0","1",40,"1","1","0","1","0","1","0","0",0.400000005960464,39,0,"1","1",NA,"1"
"33312030","yongfengcaomen1",3,"yongfeng",1,60,2,"0",20,1.29999995231628,60,"0","0",50,"1","1","0","1","1","0","0","1",0.200000002980232,39,0.199999988079071,"0","0",NA,"1"
"33312015","yongfengcaomen1",3,"yongfeng",0,48,4,"2",100,20,75,"0","1",50,"1","1","0","0","1","0","0","1",1,39,0,"1","1","0","1"
"33312080","yongfengcaomen2",3,"yongfeng",0,55,4,"0",90,6,NA,"0","1",20,"1","1","0","1","0","0","0","1",0.800000011920929,39,0,"0","0",NA,"0"
"33312022","yongfengcaomen1",3,"yongfeng",1,58,5,"1",20,3.79999995231628,30,"1","0",20,"0","1","0","1","1","0","0","1",0.600000023841858,39,0,"1","0",NA,"1"
"33312025","yongfengcaomen1",3,"yongfeng",0,60,6,"0",95,10,100,"1","1",50,"1","1","0","0","1","0","0","1",0.800000011920929,38,0,"0","0","0","1"
"33312002","yongfengcaomen1",3,"yongfeng",0,67,4,"0",90,2.59999990463257,30,"0","0",40,"0","0","0","1","0","0","1","0",0,39,0,"0","0",NA,"1"
"33312057","yongfengcaomen1",3,"yongfeng",0,53,8,"3",60,7,30,"1","0",30,"1","1","0","1","1","1","0","0",0.600000023841858,39,0,"1","1",NA,"1"
"33312092","yongfengcaomen2",3,"yongfeng",0,41,5,"2",80,3.59999990463257,50,"1","1",20,"1","1","0","0","1","0","0","1",0.800000011920929,38,0,"1","1","0","1"
"33312003","yongfengcaomen1",3,"yongfeng",1,57,4,"2",100,45,10,"0","0",90,"1","1","0","0","1","0","0","1",0.800000011920929,39,0.800000011920929,"1","1","0","1"
"33312013","yongfengcaomen1",3,"yongfeng",1,56,5,"2",30,5,8,"0","1",0,"1","1","0","0","1","0","0","1",NA,38,0.199999988079071,"1","1","0","1"
"33312017","yongfengcaomen1",3,"yongfeng",0,40,6,"1",60,4,60,"0","0",20,"1","1","0","1","1","0","0","1",0.600000023841858,39,0.399999976158142,"1","0",NA,"1"
"33312048","yongfengcaomen1",3,"yongfeng",1,71,6,"0",100,7,30,"1","0",30,"1","1","0","1","1","0","0","1",1,39,0,"0","0",NA,"1"
"33312016","yongfengcaomen1",3,"yongfeng",0,45,4,"0",20,0.5,NA,"0","0",60,"1","1","0","1","0","0","1","0",0.600000023841858,39,1,"0","0",NA,"0"
"33312034","yongfengcaomen1",3,"yongfeng",1,54,6,"2",15,4,4,"1","1",20,"1","0","0","1","1","0","0","1",0.600000023841858,39,0,"1","1",NA,"1"
"33312032","yongfengcaomen1",3,"yongfeng",0,76,6,"0",100,8,40,"1","1",40,"1","1","0","1","1","0","1","0",0.800000011920929,39,0,"0","0",NA,"1"
"33312051","yongfengcaomen1",3,"yongfeng",1,41,4,"2",35,4,NA,"0","1",20,"1","1","0","1","0","1","0","0",0.600000023841858,39,0,"1","1",NA,"0"
"33312007","yongfengcaomen1",3,"yongfeng",1,52,3,"1",100,5,60,"0","0",30,"1","1","0","1","1","0","0","1",0.600000023841858,39,0,"1","0",NA,"1"
"33312065","yongfengcaomen2",3,"yongfeng",0,57,7,"3",40,2,NA,"1","1",40,"1","1","0","1","1","0","0","1",0.600000023841858,39,0.199999988079071,"1","1",NA,"1"
"33312060","yongfengcaomen2",3,"yongfeng",1,51,5,"1",60,10,50,"1","0",30,"1","1","0","1","1","0","0","1",0.600000023841858,39,0,"1","0",NA,"1"
"33312071","yongfengcaomen2",3,"yongfeng",0,47,5,"1",100,3.5,NA,"0","1",20,"1","0","0","0","0","0","0","1",0.200000002980232,38,0,"1","0","0","0"
"33312144","yongfengsanfang1",3,"yongfeng",1,44,5,"1",50,6,NA,"0","0",30,"1","0","1","0","1","0","0","1",0.800000011920929,34,0,"1","0",NA,"0"
"33312074","yongfengcaomen2",3,"yongfeng",0,34,4,"2",60,5,20,"0","0",0,"0","1","0","1","1","1","0","0",0.600000023841858,39,0,"1","1",NA,"1"
"33312058","yongfengcaomen2",3,"yongfeng",0,64,5,"1",40,9.5,90,"1","1",50,"1","1","0","1","0","0","0","1",0.400000005960464,39,0,"1","0",NA,"1"
"33312091","yongfengcaomen2",3,"yongfeng",1,44,5,"1",60,7,50,"1","1",40,"1","1","0","1","1","0","0","1",0.600000023841858,39,0,"1","0",NA,"1"
"33312105","yongfengcaomen2",3,"yongfeng",1,52,5,"0",100,1.5,70,"1","1",50,"0","1","0","1","0","1","0","0",1,39,0.600000023841858,"0","0",NA,"1"
"33312095","yongfengcaomen2",3,"yongfeng",0,39,7,"2",90,18,10,"0","0",30,"1","1","0","1","0","0","1","0",0.400000005960464,39,0,"1","1",NA,"1"
"33312020","yongfengcaomen1",3,"yongfeng",0,56,6,"0",100,10,NA,"1","1",50,"1","0","0","0","0","0","0","1",0,38,0,"0","0","1","0"
"33312005","yongfengcaomen1",3,"yongfeng",1,40,6,"2",75,7,40,"1","1",20,"1","1","0","0","1","0","0","1",0.600000023841858,39,0,"1","1","0","1"
"33312035","yongfengcaomen1",3,"yongfeng",0,57,6,"1",100,7,50,"0","0",30,"1","1","0","1","0","0","0","1",0.400000005960464,39,0,"1","0",NA,"1"
"33312078","yongfengcaomen2",3,"yongfeng",0,33,5,"0",100,10,0,"0","0",50,"1","0","0","1","1","0","1","0",1,39,0,"0","0",NA,"0"
"33312019","yongfengcaomen1",3,"yongfeng",0,56,5,"1",60,6,0,"1","1",40,"1","1","0","1","1","1","0","0",0.600000023841858,39,0,"1","0",NA,"0"
"33312110","yongfengcaomen2",3,"yongfeng",0,45,5,"1",60,10,40,"0","0",30,"1","1","0","1","0","0","1","0",0.400000005960464,39,0,"1","0",NA,"1"
"33312033","yongfengcaomen1",3,"yongfeng",1,51,4,"2",100,28,15,"0","0",30,"1","1","0","0","0","0","0","1",0.200000002980232,39,0,"1","1","0","1"
"33312054","yongfengcaomen1",3,"yongfeng",1,48,4,"2",40,4,40,"1","1",50,"1","1","0","0","1","0","0","1",0.800000011920929,39,0,"1","1","0","1"
"33312036","yongfengcaomen1",3,"yongfeng",1,61,4,"1",60,10,50,"1","0",30,"1","1","0","0","1","0","0","1",0.200000002980232,39,1,"1","0","0","1"
"33312098","yongfengcaomen2",3,"yongfeng",0,46,3,"0",100,3,20,"0","0",50,"1","0","0","1","0","0","0","1",1,39,0,"0","0",NA,"1"
"33312046","yongfengcaomen1",3,"yongfeng",0,60,5,"0",100,10,NA,"0","0",35,"1","1","0","1","0","0","0","1",0.200000002980232,39,0,"0","0",NA,"0"
"33312014","yongfengcaomen1",3,"yongfeng",0,64,9,"1",30,6,40,"0","0",50,"1","1","0","0","0","0","0","1",0,38,0,"1","0","0","1"
"33312111","yongfengcaomen2",3,"yongfeng",0,39,4,"2",NA,8,NA,"0","0",40,"1","1","0","1","1","1","0","0",0.600000023841858,39,0,"1","1",NA,"0"
"33312018","yongfengcaomen1",3,"yongfeng",1,60,4,"1",90,8,50,"0","0",50,"1","1","0","1","1","0","0","1",1,39,0,"1","0",NA,"1"
"33312112","yongfengcaomen2",3,"yongfeng",0,36,5,"1",100,7,0,"0","0",10,"1","1","0","1","0","1","0","0",0.600000023841858,39,0.600000023841858,"1","0",NA,"0"
"33312011","yongfengcaomen1",3,"yongfeng",1,64,3,"1",60,10,NA,"0","0",50,"1","1","0","1","0","0","1","0",0.800000011920929,38,0,"1","0",NA,NA
"33312070","yongfengcaomen2",3,"yongfeng",0,38,4,"0",100,3,50,"0","0",30,"1","0","0","1","1","0","1","0",0.200000002980232,37,0,"0","0",NA,"1"
"33312045","yongfengcaomen1",3,"yongfeng",0,40,6,"1",100,7,70,"1","1",50,"1","0","0","1","0","1","0","0",1,39,0,"1","0",NA,"1"
"33312069","yongfengcaomen2",3,"yongfeng",1,55,5,"1",100,3,30,"0","1",20,"1","1","0","1","1","0","1","0",0.200000002980232,38,0,"1","0",NA,"1"
"33312093","yongfengcaomen2",3,"yongfeng",1,41,5,"2",60,8.60000038146973,3,"0","1",90,"0","1","0","0","1","0","0","1",0.400000005960464,38,0,"1","1","1","1"
"33312106","yongfengcaomen2",3,"yongfeng",1,59,2,"1",100,4,50,"0","1",20,"1","1","0","1","0","0","0","1",0.200000002980232,39,0,"1","0",NA,"1"
"33312099","yongfengcaomen2",3,"yongfeng",0,47,4,"1",80,8,50,"0","1",40,"1","1","0","0","0","0","0","1",NA,38,0,"1","0",NA,"1"
"33312090","yongfengcaomen2",3,"yongfeng",0,69,6,"0",20,3.5,50,"0","0",50,"1","1","0","1","0","0","0","1",0.200000002980232,39,0,"0","0",NA,"1"
"33312088","yongfengcaomen2",3,"yongfeng",1,49,5,"1",30,9,40,"0","1",60,"1","1","0","0","1","0","0","1",0.400000005960464,38,0,"1","0","0","1"
"33312108","yongfengcaomen2",3,"yongfeng",1,63,3,"1",60,10,NA,"0","0",30,"1","1","0","1","0","0","0","1",1,37,0,"1","0",NA,NA
"33312096","yongfengcaomen2",3,"yongfeng",0,68,9,"1",10,1.60000002384186,0,"1","1",20,"0","1","0","1","1","0","1","0",0.600000023841858,39,1,"1","0",NA,"0"
"33312064","yongfengcaomen2",3,"yongfeng",1,49,4,"1",100,8,30,"0","1",50,"1","1","0","1","1","0","0","1",1,39,0,"1","0",NA,"1"
"33312067","yongfengcaomen2",3,"yongfeng",1,43,5,"1",60,15,NA,"1","0",50,"1","1","0","0","0","0","0","1",0.200000002980232,38,1,"1","0","0","0"
"33312077","yongfengcaomen2",3,"yongfeng",1,40,6,"2",15,1,0,"0","1",40,"1","1","0","0","0","0","0","1",0.400000005960464,38,0,"1","1","0","1"
"33312140","yongfengsanfang1",3,"yongfeng",0,56,10,"0",60,10,50,"0","1",40,"1","1","1","0","0","0","0","1",0.200000002980232,34,0.399999976158142,"0","0","1","1"
"33312122","yongfengsanfang1",3,"yongfeng",1,57,5,"0",30,6,80,"0","0",50,"1","1","1","1","1","0","1","0",0.400000005960464,37,0,"0","0",NA,"1"
"33312148","yongfengsanfang1",3,"yongfeng",1,42,3,"1",70,5,20,"1","1",60,"1","0","1","0","0","0","0","1",0.200000002980232,34,0,"1","0","0","1"
"33312146","yongfengsanfang1",3,"yongfeng",0,41,8,"1",30,10,NA,"1","1",20,"1","1","1","0","1","0","0","1",0.600000023841858,34,0,"1","0","0","0"
"33312130","yongfengsanfang1",3,"yongfeng",0,46,6,"0",40,5.59999990463257,50,"0","0",60,"1","0","1","1","0","1","0","0",0.600000023841858,37,0,"0","0",NA,"1"
"33312157","yongfengsanfang1",3,"yongfeng",1,35,6,"2",40,5,NA,"0","1",20,"1","1","1","1","0","0","0","1",0.400000005960464,37,1,"1","1",NA,"0"
"33312138","yongfengsanfang1",3,"yongfeng",0,42,5,"1",100,5,30,"0","1",20,"1","1","1","1","1","0","0","1",0.400000005960464,37,0,"1","0",NA,"1"
"33312126","yongfengsanfang1",3,"yongfeng",0,54,4,"0",40,4.69999980926514,20,"1","0",20,"1","0","1","1","1","0","0","1",0.200000002980232,37,0,"0","0",NA,"1"
"33312135","yongfengsanfang1",3,"yongfeng",0,48,7,"0",100,5.59999990463257,NA,"0","0",30,"1","0","1","1","0","1","0","0",0.200000002980232,37,0,"0","0",NA,"0"
"33312127","yongfengsanfang1",3,"yongfeng",0,52,8,"1",60,0.800000011920929,50,"0","0",50,"1","1","1","1","0","0","1","0",0.800000011920929,37,0,"1","0",NA,"1"
"33312131","yongfengsanfang1",3,"yongfeng",1,46,4,"2",80,18,80,"0","1",50,"1","1","1","1","1","0","1","0",0.800000011920929,37,0.199999988079071,"1","1",NA,"1"
"33312142","yongfengsanfang1",3,"yongfeng",0,58,3,"0",90,8,80,"0","1",50,"1","1","1","0","1","0","0","1",0.200000002980232,34,0.399999976158142,"0","0","0","1"
"33312121","yongfengsanfang1",3,"yongfeng",1,45,3,"2",72,6,30,"0","1",100,"1","1","1","1","0","0","0","1",0.600000023841858,37,1,"1","1",NA,"1"
"33312132","yongfengsanfang1",3,"yongfeng",1,42,5,"2",15,1,NA,"1","1",50,"1","1","1","1","1","1","0","0",0.600000023841858,37,0.399999976158142,"1","1",NA,"0"
"33312125","yongfengsanfang1",3,"yongfeng",1,66,3,"1",100,3,30,"0","0",50,"1","1","1","0","0","0","0","1",0.200000002980232,34,0,"1","0","0","1"
"33312128","yongfengsanfang1",3,"yongfeng",1,45,4,"1",90,15,40,"1","1",20,"1","1","1","1","1","1","0","0",0.200000002980232,37,0.199999988079071,"1","0",NA,"1"
"33312139","yongfengsanfang1",3,"yongfeng",0,57,5,"1",100,6,NA,"1","1",100,"1","1","1","1","1","0","0","1",1,37,0,"1","0",NA,"0"
"33312156","yongfengsanfang1",3,"yongfeng",1,39,6,"1",30,3,NA,"1","1",20,"1","1","1","0","1","0","0","1",0.800000011920929,34,0.399999976158142,"1","0","0","0"
"33312134","yongfengsanfang1",3,"yongfeng",1,36,6,"1",40,8,20,"0","1",20,"1","1","1","0","1","0","0","1",0.200000002980232,34,0.399999976158142,"1","0","0","1"
"33312124","yongfengsanfang1",3,"yongfeng",1,63,4,"1",40,6.30000019073486,60,"1","1",60,"1","1","1","1","0","0","0","1",0.200000002980232,37,0,"1","0",NA,"1"
"33312120","yongfengsanfang1",3,"yongfeng",1,42,5,"1",30,6,40,"0","1",30,"1","1","1","0","1","0","0","1",0.800000011920929,34,0,"1","0",NA,"1"
"33312152","yongfengsanfang1",3,"yongfeng",0,35,5,"1",100,6.69999980926514,30,"0","0",50,"0","1","1","0","0","0","0","1",0.200000002980232,34,0,"1","0","1","1"
"33312151","yongfengsanfang1",3,"yongfeng",1,38,5,"2",60,20,30,"1","1",80,"1","1","1","1","0","0","0","1",0.400000005960464,37,0,"1","1",NA,"1"
"33312116","yongfengsanfang1",3,"yongfeng",1,36,7,"0",100,100,10,"0","1",20,"1","0","1","0","0","0","0","1",0,34,0,"0","0","0","1"
"33312225","yongfengsifang",3,"yongfeng",0,35,6,"2",50,5,NA,"1","1",50,"1","1","1","1","0","1","0","0",0.400000005960464,37,0,"1","1",NA,"0"
"33312229","yongfengsifang",3,"yongfeng",0,43,5,"2",20,1.5,NA,"0","0",50,"1","1","1","1","1","0","1","0",1,37,0.399999976158142,"1","1",NA,"0"
"33312213","yongfengsifang",3,"yongfeng",0,46,8,"0",60,5.59999990463257,NA,"1","1",2,"1","0","1","0","0","0","0","1",0,34,0.399999976158142,"0","0","0","0"
"33312224","yongfengsifang",3,"yongfeng",0,43,4,"2",50,6,20,"1","1",40,"1","1","1","0","0","0","0","1",0.600000023841858,34,0.199999988079071,"1","1","0","1"
"33312227","yongfengsifang",3,"yongfeng",0,65,2,"0",100,1,20,"0","0",30,"0","1","1","1","0","0","1","0",1,37,0,"0","0",NA,"1"
"33312234","yongfengsifang",3,"yongfeng",1,51,4,"2",90,6,30,"1","1",30,"1","1","1","1","0","0","0","1",1,37,1,"1","1",NA,"1"
"33312226","yongfengsifang",3,"yongfeng",0,48,4,"0",95,7.5,20,"0","1",50,"1","1","1","0","0","0","0","1",0.400000005960464,34,0,"0","0","0","1"
"33312220","yongfengsifang",3,"yongfeng",1,48,6,"1",60,4,10,"1","1",10,"1","1","1","0","1","0","0","1",0.800000011920929,34,0,"1","0","0","1"
"33312215","yongfengsifang",3,"yongfeng",0,48,2,"1",100,3.5,NA,"0","1",36,"1","1","1","0","0","0","0","1",0.400000005960464,34,1,"1","0","0","0"
"33312218","yongfengsifang",3,"yongfeng",0,45,4,"0",90,4,0,"0","1",30,"1","0","1","0","1","0","0","1",0.800000011920929,34,0,"0","0","0","0"
"33312214","yongfengsifang",3,"yongfeng",1,42,4,"2",100,3.70000004768372,50,"0","0",50,"1","1","1","1","1","0","1","0",1,37,1,"1","1",NA,"1"
"33312233","yongfengsifang",3,"yongfeng",1,61,5,"1",100,15,NA,"0","1",20,"1","1","1","1","0","0","0","1",0.600000023841858,37,0,"1","0",NA,"0"
"33312205","yongfengsifang",3,"yongfeng",0,46,3,"0",100,3,70,"1","1",50,"1","0","1","0","1","0","0","1",0.800000011920929,34,0.800000011920929,"0","0","0","1"
"33312232","yongfengsifang",3,"yongfeng",0,55,4,"2",70,11,NA,"0","0",50,"1","1","1","0","1","0","0","1",0.800000011920929,34,0,"1","1","0","0"
"33312212","yongfengsifang",3,"yongfeng",0,39,4,"2",70,20,NA,"0","0",50,"1","1","1","1","1","0","1","0",0.600000023841858,37,0.399999976158142,"1","1",NA,NA
"33312206","yongfengsifang",3,"yongfeng",0,36,4,"2",60,6,NA,"0","1",0,"1","1","1","1","1","1","0","0",0.600000023841858,37,0,"1","1",NA,"0"
"33312209","yongfengsifang",3,"yongfeng",1,54,2,"2",90,17,NA,"0","0",36,"1","1","1","0","0","0","0","1",0.200000002980232,34,1,"1","1","0","0"
"33312211","yongfengsifang",3,"yongfeng",0,63,4,"1",100,3,NA,"0","1",20,"1","1","1","0","0","0","0","1",0.200000002980232,34,0,"1","0","1","0"
"33312207","yongfengsifang",3,"yongfeng",1,53,8,"2",60,10,50,"0","1",50,"1","1","1","0","1","0","0","1",0.800000011920929,34,0,"1","1","0","1"
"33312230","yongfengsifang",3,"yongfeng",1,59,8,"1",10,8,NA,"1","1",40,"1","1","1","1","1","0","0","1",0.600000023841858,37,0,"1","0",NA,NA
"33312208","yongfengsifang",3,"yongfeng",1,65,5,"1",70,12,NA,"1","1",20,"1","1","1","1","1","0","0","1",0.600000023841858,37,0.200000002980232,"1","0",NA,NA
"33312256","yongfengyangzu",3,"yongfeng",1,67,2,"2",100,9,35,"0","1",20,"1","1","0","1","0","0","0","1",0.200000002980232,39,0.199999988079071,"1","1",NA,"1"
"33312246","yongfengyangzu",3,"yongfeng",0,48,3,"1",100,5,NA,"1","1",30,"1","1","0","1","0","1","0","0",0.600000023841858,39,0.199999988079071,"1","0",NA,"0"
"33312245","yongfengyangzu",3,"yongfeng",1,34,8,"1",100,30,30,"1","0",20,"1","1","0","0","1","0","0","1",0.600000023841858,38,0,"1","0","0","1"
"33312250","yongfengyangzu",3,"yongfeng",1,46,6,"2",60,12,50,"0","0",50,"1","1","0","1","1","0","0","1",0.600000023841858,39,0,"1","1",NA,"1"
"33312247","yongfengyangzu",3,"yongfeng",1,46,6,"2",90,7,10,"1","1",20,"1","1","0","0","1","0","0","1",1,38,0,"1","1","0","1"
"33312282","yongfengyangzu",3,"yongfeng",1,49,5,"2",100,10,70,"0","0",30,"0","1","0","1","1","0","0","1",1,39,1,"1","1",NA,"1"
"33312274","yongfengyangzu",3,"yongfeng",1,56,11,"2",70,14,20,"1","1",50,"1","1","0","1","1","0","1","0",0.200000002980232,39,0,"1","1",NA,"1"
"33312269","yongfengyangzu",3,"yongfeng",1,40,7,"1",60,10,NA,"0","0",70,"1","1","0","0","1","0","0","1",0.800000011920929,38,0.399999976158142,"1","0","0","0"
"33312277","yongfengyangzu",3,"yongfeng",1,45,5,"1",100,30,40,"1","1",60,"1","1","0","1","0","0","0","1",0.600000023841858,39,0,"1","0",NA,"1"
"33312251","yongfengyangzu",3,"yongfeng",1,47,5,"2",50,5,10,"0","1",40,"1","1","0","0","0","0","0","1",0.600000023841858,38,0,"1","1","0","1"
"33312244","yongfengyangzu",3,"yongfeng",1,41,4,"1",90,3,30,"0","0",50,"1","1","0","1","1","0","1","0",0.600000023841858,39,0.399999976158142,"1","0",NA,"1"
"33312283","yongfengyangzu",3,"yongfeng",1,59,6,"1",40,12,40,"0","1",20,"1","1","0","0","0","0","0","1",0.400000005960464,38,0,"1","0","0","1"
"33312242","yongfengyangzu",3,"yongfeng",1,53,2,"1",100,1,60,"0","0",50,"1","1","0","0","1","0","0","1",0.600000023841858,38,0,"1","0","0","1"
"33312278","yongfengyangzu",3,"yongfeng",1,44,6,"2",100,30,20,"0","1",20,"1","1","0","0","0","0","0","1",0.400000005960464,38,0,"1","1","0","1"
"33312279","yongfengyangzu",3,"yongfeng",1,42,4,"2",80,13,40,"0","0",50,"1","1","0","1","1","0","1","0",0.800000011920929,39,0,"1","1",NA,"1"
"33312252","yongfengyangzu",3,"yongfeng",1,44,5,"1",70,15,NA,"0","0",50,"1","1","0","1","0","0","0","1",1,39,0.199999988079071,"1","0",NA,NA
"33312243","yongfengyangzu",3,"yongfeng",1,41,7,"2",100,10,20,"1","1",30,"1","1","0","0","0","0","0","1",0.600000023841858,38,0.399999976158142,"1","1","0","1"
"33312281","yongfengyangzu",3,"yongfeng",1,46,4,"3",30,1,28,"0","1",50,"1","1","0","1","1","0","0","1",0.600000023841858,39,0.399999976158142,"1","1",NA,"1"
"33312275","yongfengyangzu",3,"yongfeng",1,47,4,"2",100,20,20,"0","1",20,"1","1","0","1","0","0","0","1",0.600000023841858,39,0.199999988079071,"1","1",NA,"1"
"33312272","yongfengyangzu",3,"yongfeng",1,52,4,"0",70,4,NA,"0","1",40,"0","1","0","1","0","0","1","0",0.600000023841858,39,0,"0","0",NA,"0"
"33312241","yongfengyangzu",3,"yongfeng",1,54,5,"1",100,5,25,"0","0",50,"1","1","0","1","1","0","0","1",0.600000023841858,39,0,"1","0",NA,"1"
"3335083","yazhoushangbian2",3,"yazhou",0,70,2,"0",50,2,0,"1","0",50,"1","1","0","1","0","1","0","0",0.200000002980232,32,0,"0","0",NA,"0"
"3335064","yazhoushangbian1",3,"yazhou",1,50,5,"1",70,6.80000019073486,20,"1","1",40,"1","1","1","1","0","0","1","0",0.400000005960464,34,0,"1","0",NA,"1"
"3335033","yazhoushangbian1",3,"yazhou",0,48,2,"1",100,7,20,"0","1",30,"1","1","1","0","1","0","0","1",0.800000011920929,34,0,"1","0",NA,"1"
"3335081","yazhoushangbian2",3,"yazhou",0,46,7,"1",100,16,70,"1","1",50,"1","0","0","1","0","0","1","0",1,32,0,"1","0",NA,"1"
"3335050","yazhoushangbian1",3,"yazhou",1,52,4,"2",75,7,NA,"0","0",10,"1","1","1","1","1","0","0","1",1,34,0,"1","1",NA,"0"
"3335031","yazhoushangbian1",3,"yazhou",0,77,5,"2",100,15,NA,"0","1",20,"1","1","1","1","1","0","0","1",0.600000023841858,34,0,"1","1",NA,"0"
"3335048","yazhoushangbian1",3,"yazhou",0,20,5,"3",90,13,NA,"0","0",1,"0","1","1","1","1","1","0","0",0.400000005960464,34,0.399999976158142,"1","1",NA,"0"
"3335040","yazhoushangbian1",3,"yazhou",0,49,3,"3",100,120,NA,"0","0",50,"1","1","1","0","0","0","0","1",0,34,0,"1","1","0","0"
"3335112","yazhoushangbian2",3,"yazhou",1,24,2,"3",90,20,NA,"1","0",20,"1","1","0","1","0","1","0","0",0.600000023841858,32,0.800000011920929,"1","1",NA,NA
"3335145","yazhouxiabian1",3,"yazhou",1,67,2,"0",10,1.29999995231628,NA,"0","0",50,"1","1","0","1","1","0","1","0",1,32,0,"0","0",NA,NA
"3335037","yazhoushangbian1",3,"yazhou",0,50,4,"2",100,13,80,"0","1",50,"1","1","1","0","0","0","0","1",0.200000002980232,34,0,"1","1","1","1"
"3335024","yazhoushangbian1",3,"yazhou",0,38,7,"1",100,30,NA,"0","0",50,"1","1","1","1","0","0","1","0",0.200000002980232,34,0,"1","0",NA,"1"
"3335038","yazhoushangbian1",3,"yazhou",0,48,4,"1",20,2.70000004768372,50,"0","1",40,"1","1","1","1","1","1","0","0",0.800000011920929,34,1,"1","0",NA,"1"
"3335022","yazhoushangbian1",3,"yazhou",0,32,5,"2",50,5,20,"0","0",50,"1","1","1","1","1","0","1","0",1,34,0,"1","1",NA,"1"
"3335075","yazhoushangbian2",3,"yazhou",0,33,4,"2",100,12,NA,"1","1",40,"1","1","0","0","1","0","0","1",0.400000005960464,32,0.600000023841858,"1","1","0","0"
"3335097","yazhoushangbian2",3,"yazhou",0,38,3,"2",40,7,NA,"1","0",20,"1","1","0","0","1","0","0","1",1,32,0,"1","1","0","0"
"3335080","yazhoushangbian2",3,"yazhou",0,42,4,"0",70,8,NA,"1","0",20,"0","1","0","1","0","0","0","1",0,32,0,"0","0",NA,"0"
"3335113","yazhoushangbian2",3,"yazhou",0,34,6,"0",100,12,50,"1","1",30,"1","0","0","0","0","0","0","1",0.200000002980232,32,0,"0","0","0","1"
"3335082","yazhoushangbian2",3,"yazhou",0,56,5,"1",100,10,NA,"0","0",10,"1","1","0","0","1","0","0","1",0,32,0,"1","0","0","0"
"3335086","yazhoushangbian2",3,"yazhou",0,46,5,"0",100,11,50,"1","1",20,"1","1","0","0","0","0","0","1",0.200000002980232,32,0,"0","0","0","1"
"3335101","yazhoushangbian2",3,"yazhou",0,50,2,"1",30,2,NA,"0","0",50,"1","1","0","0","0","0","0","1",0.200000002980232,32,0,"1","0","1","0"
"3335114","yazhoushangbian2",3,"yazhou",0,45,4,"0",60,13,10,"1","1",20,"0","1","0","0","0","0","0","1",0.200000002980232,32,0,"0","0","0","1"
"3335054","yazhoushangbian1",3,"yazhou",0,77,2,"0",100,1.89999997615814,NA,"1","1",40,"1","1","1","0","0","0","0","1",0.400000005960464,34,0,"0","0","0","0"
"3335056","yazhoushangbian1",3,"yazhou",1,70,2,"2",60,10,NA,"0","0",50,"1","1","1","1","1","0","0","1",0.800000011920929,34,0.200000002980232,"1","1",NA,NA
"3335098","yazhoushangbian2",3,"yazhou",0,46,4,"2",60,7,20,"1","1",50,"1","1","0","0","0","0","0","1",0.200000002980232,32,0.199999988079071,"1","1","0","1"
"3335043","yazhoushangbian1",3,"yazhou",0,35,4,"0",100,15,NA,"1","1",30,"1","1","1","1","0","0","0","1",0.600000023841858,34,0.600000023841858,"0","0",NA,"0"
"3335046","yazhoushangbian1",3,"yazhou",0,46,4,"0",100,10,0,"0","0",40,"1","1","1","0","1","0","0","1",0.200000002980232,34,0,"0","0",NA,"0"
"3335023","yazhoushangbian1",3,"yazhou",0,38,4,"2",100,11,NA,"0","1",40,"1","1","1","0","0","0","0","1",NA,34,0,"1","1","0","0"
"3335045","yazhoushangbian1",3,"yazhou",0,55,2,"0",100,6,30,"0","0",30,"1","1","1","0","1","0","0","1",0.800000011920929,34,0.199999988079071,"0","0","0","1"
"3335062","yazhoushangbian1",3,"yazhou",0,40,4,"1",100,14,NA,"1","1",50,"1","1","1","1","1","1","0","0",0.600000023841858,34,0,"1","0",NA,"0"
"3335107","yazhoushangbian2",3,"yazhou",1,46,5,"1",100,87,15,"0","0",10,"1","1","0","0","1","0","0","1",0.800000011920929,32,0.399999976158142,"1","0","0","1"
"3335044","yazhoushangbian1",3,"yazhou",0,59,4,"1",100,10,NA,"0","1",20,"1","1","1","0","0","0","0","1",0.200000002980232,34,0,"1","0","0","0"
"3335053","yazhoushangbian2",3,"yazhou",1,40,5,"0",90,25,NA,"0","0",50,"1","1","0","1","1","0","0","1",1,32,0,"0","0",NA,"1"
"3335052","yazhoushangbian1",3,"yazhou",0,43,5,"3",30,6.30000019073486,NA,"1","1",20,"1","1","1","1","0","0","0","1",0.800000011920929,34,0,"1","1",NA,"0"
"3335073","yazhoushangbian2",3,"yazhou",1,50,6,"0",100,8,20,"0","0",50,"1","1","0","1","1","0","0","1",1,32,0,"0","0",NA,"1"
"3335077","yazhoushangbian2",3,"yazhou",0,44,5,"1",60,17,70,"0","1",50,"1","1","0","0","1","0","0","1",0.600000023841858,32,0,"1","0","0","1"
"3335093","yazhoushangbian2",3,"yazhou",0,57,7,"2",100,16,4,"1","1",50,"1","1","0","1","0","0","0","1",0.600000023841858,32,1,"1","1",NA,"1"
"3335065","yazhoushangbian1",3,"yazhou",1,42,3,"0",100,6,80,"0","1",50,"1","0","1","0","0","0","0","1",0.200000002980232,34,0,"0","0","0","1"
"3335109","yazhoushangbian2",3,"yazhou",0,36,4,"1",13,3,0,"1","1",50,"1","1","0","1","0","0","1","0",0.600000023841858,32,0,"1","0",NA,"0"
"3335105","yazhoushangbian2",3,"yazhou",0,36,4,"1",20,7,0,"1","1",20,"1","1","0","1","0","0","1","0",0.600000023841858,32,0,"1","0",NA,"0"
"3335057","yazhoushangbian1",3,"yazhou",1,72,2,"2",100,1.5,NA,"0","1",20,"1","1","1","1","1","0","0","1",0.200000002980232,34,0,"1","1",NA,"0"
"3335104","yazhoushangbian2",3,"yazhou",1,40,4,"2",100,7,80,"1","1",100,"1","1","0","1","1","1","0","0",0.600000023841858,32,0.199999988079071,"1","1",NA,"1"
"3335108","yazhoushangbian2",3,"yazhou",0,41,4,"1",30,2,NA,"0","1",40,"1","1","0","1","0","0","0","1",0.400000005960464,32,0,"1","0",NA,"0"
"3335059","yazhoushangbian1",3,"yazhou",0,51,2,"0",100,9,35,"0","1",20,"1","0","1","1","1","0","0","1",0,34,0,"0","0",NA,"1"
"3335021","yazhoushangbian1",3,"yazhou",0,57,4,"1",100,10,NA,"1","1",20,"1","1","1","0","0","0","0","1",0.600000023841858,34,0,"1","0","0","0"
"3335030","yazhoushangbian1",3,"yazhou",0,40,3,"2",100,10,NA,"0","0",50,"1","1","1","1","0","0","1","0",1,34,0,"1","1",NA,"0"
"3335066","yazhoushangbian1",3,"yazhou",0,41,4,"1",30,3.59999990463257,NA,"1","1",20,"1","1","1","0","1","0","0","1",0.800000011920929,34,0,"1","0","1","0"
"3335076","yazhoushangbian2",3,"yazhou",1,45,5,"0",100,5,20,"0","0",50,"1","1","0","1","1","0","0","1",1,32,0,"0","0",NA,"1"
"3335092","yazhoushangbian2",3,"yazhou",0,51,1,"1",100,4,NA,"1","1",40,"1","1","0","0","1","0","0","1",NA,32,0,"1","0","0","0"
"3335100","yazhoushangbian2",3,"yazhou",0,59,10,"0",100,25,50,"1","1",40,"1","1","0","1","1","0","1","0",0.800000011920929,32,0,"0","0",NA,"1"
"3335026","yazhoushangbian1",3,"yazhou",0,42,6,"0",100,5,20,"0","0",30,"1","1","1","0","0","0","0","1",0.200000002980232,34,0,"0","0",NA,"1"
"3335071","yazhoushangbian2",3,"yazhou",1,36,4,"1",100,6,20,"1","1",30,"1","1","0","1","1","0","0","1",1,32,0,"1","0",NA,"1"
"3335088","yazhoushangbian2",3,"yazhou",1,58,2,"1",90,6,NA,"1","1",30,"1","0","0","1","0","0","1","0",0.200000002980232,32,0.399999976158142,"1","0",NA,"0"
"3335091","yazhoushangbian2",3,"yazhou",1,28,5,"2",100,175,NA,"1","1",50,"1","1","0","0","1","0","0","1",0.800000011920929,32,0.600000023841858,"1","1","0","1"
"3335072","yazhoushangbian2",3,"yazhou",1,47,5,"0",100,5,50,"0","1",20,"1","1","0","0","0","0","0","1",0.600000023841858,32,0.399999976158142,"0","0","0","1"
"3335117","yazhoushangbian2",3,"yazhou",1,40,4,"1",70,15,NA,"0","0",50,"1","0","0","1","0","0","0","1",1,32,0.200000002980232,"1","0",NA,NA
"3335079","yazhoushangbian2",3,"yazhou",1,57,4,"2",90,6,30,"0","0",30,"1","1","0","1","1","0","0","1",1,32,0,"1","1",NA,"1"
"3335095","yazhoushangbian2",3,"yazhou",0,44,4,"1",100,16,30,"1","1",20,"1","1","0","1","1","0","1","0",0.400000005960464,32,0,"1","0",NA,"1"
"3335135","yazhouxiabian1",3,"yazhou",0,62,2,"0",70,3,NA,"0","0",50,"1","1","0","1","1","0","1","0",0.200000002980232,32,0,"0","0",NA,"0"
"3335096","yazhoushangbian2",3,"yazhou",0,41,2,"2",60,5,20,"1","1",20,"1","1","0","0","0","0","0","1",0.200000002980232,32,0,"1","1","0","1"
"3335102","yazhoushangbian2",3,"yazhou",0,34,6,"2",100,8,20,"1","1",20,"1","1","0","1","1","0","1","0",0.800000011920929,32,0,"1","1",NA,"1"
"3335153","yazhouxiabian1",3,"yazhou",0,33,4,"2",100,55,30,"0","1",40,"1","1","0","0","0","0","0","1",0.400000005960464,32,0,"1","1","0","1"
"3335146","yazhouxiabian1",3,"yazhou",0,43,4,"1",100,13,10,"0","1",20,"1","1","0","0","0","0","0","1",0.400000005960464,32,0,"1","0","0","1"
"3335119","yazhouxiabian1",3,"yazhou",0,53,5,"1",95,10,25,"0","1",0,"1","1","0","1","0","0","0","1",0.200000002980232,32,0,"1","0",NA,"1"
"3335148","yazhouxiabian1",3,"yazhou",0,63,2,"2",100,2,10,"1","0",30,"0","1","0","1","1","0","1","0",1,32,0,"1","1",NA,"1"
"3335157","yazhouxiabian1",3,"yazhou",0,44,4,"2",80,10,20,"1","1",30,"1","1","0","1","0","1","0","0",1,32,0,"1","1",NA,"1"
"3335123","yazhouxiabian1",3,"yazhou",0,58,2,"0",100,3,60,"0","0",20,"1","0","0","0","0","0","0","1",0.200000002980232,32,0,"0","0",NA,"1"
"3335154","yazhouxiabian1",3,"yazhou",0,40,5,"2",60,6,50,"1","1",50,"1","1","0","0","0","0","0","1",0.200000002980232,32,0,"1","1","0","1"
"3335141","yazhouxiabian1",3,"yazhou",1,74,4,"1",100,2,10,"1","1",0,"1","1","0","1","0","0","0","1",0.600000023841858,32,0.800000011920929,"1","0",NA,"1"
"3335122","yazhouxiabian1",3,"yazhou",1,56,3,"2",100,9,NA,"1","1",20,"1","1","0","0","0","0","0","1",0.600000023841858,32,0,"1","1","0","0"
"3335126","yazhouxiabian1",3,"yazhou",0,41,5,"2",100,15,NA,"1","1",40,"1","1","0","0","1","0","0","1",0.600000023841858,32,0,"1","1",NA,"0"
"3335134","yazhouxiabian1",3,"yazhou",0,55,8,"1",NA,10,15,"0","1",40,"1","1","0","0","1","0","0","1",0,32,0,"1","0","0","1"
"3335139","yazhouxiabian1",3,"yazhou",1,70,2,"0",100,2.20000004768372,5,"0","0",30,"1","0","0","1","1","1","0","0",0,32,0,"0","0",NA,"1"
"3335128","yazhouxiabian1",3,"yazhou",0,37,4,"1",100,24,20,"1","0",20,"1","1","0","1","0","1","0","0",0.400000005960464,32,0,"1","0",NA,"1"
"3335132","yazhouxiabian1",3,"yazhou",0,35,3,"2",50,8,20,"1","1",20,"1","1","0","1","1","0","0","1",0.400000005960464,32,0.800000011920929,"1","1",NA,"1"
"3335137","yazhouxiabian1",3,"yazhou",0,40,4,"1",40,7,NA,"0","1",20,"0","1","0","1","0","0","1","0",0.600000023841858,32,0.600000023841858,"1","0",NA,"0"
"3335127","yazhouxiabian1",3,"yazhou",1,40,4,"3",50,7.69999980926514,30,"1","0",40,"1","1","0","1","0","0","1","0",0.800000011920929,32,0,"1","1",NA,"1"
"3335156","yazhouxiabian1",3,"yazhou",0,63,6,"1",40,2,40,"0","1",20,"1","1","0","1","0","1","0","0",0,32,0,"1","0",NA,"1"
"3335129","yazhouxiabian1",3,"yazhou",0,34,4,"1",100,17,40,"1","1",20,"1","1","0","0","0","0","0","1",0.200000002980232,32,0,"1","0",NA,"1"
"3335133","yazhouxiabian1",3,"yazhou",0,40,4,"2",100,29,15,"1","1",50,"0","1","0","1","0","1","0","0",0.600000023841858,32,0,"1","1",NA,"1"
"3335144","yazhouxiabian1",3,"yazhou",0,55,6,"1",80,14,30,"1","1",40,"1","1","0","1","1","0","0","1",0.600000023841858,32,0,"1","0",NA,"1"
"3335121","yazhouxiabian1",3,"yazhou",0,45,4,"1",100,23,10,"0","1",50,"1","1","0","1","0","0","0","1",0.200000002980232,32,0,"1","0",NA,"1"
"3335125","yazhouxiabian1",3,"yazhou",0,40,4,"0",100,10,30,"0","0",50,"1","0","0","0","1","0","0","1",0,32,0,"0","0","0","1"
"3335143","yazhouxiabian1",3,"yazhou",1,53,3,"2",100,10,NA,"0","0",50,"1","1","0","0","1","0","0","1",0.800000011920929,32,0,"1","1","0","0"
"33312008","yongfengcaomen1",3,"yongfeng",1,51,4,"3",70,12,NA,"1","1",20,"1","1","0","1","0","0","0","1",0.800000011920929,39,0.800000011920929,"1","1",NA,NA
"33312027","yongfengcaomen1",3,"yongfeng",1,63,11,"1",60,8,NA,"0","0",20,"1","1","0","1","0","0","0","1",0.400000005960464,39,0,"1","0",NA,"0"
"33312044","yongfengcaomen1",3,"yongfeng",0,64,2,"1",70,12,NA,"1","1",40,"1","1","0","0","1","0","0","1",NA,38,0.600000023841858,"1","0",NA,NA
"33312155","yongfengsanfang1",3,"yongfeng",1,31,6,"0",20,3,40,"0","1",20,"0","0","1","0","1","0","0","1",0.600000023841858,34,0,"0","0","0","1"
"33312228","yongfengsifang",3,"yongfeng",1,58,3,"1",70,12,NA,"1","1",20,"1","1","1","1","0","1","0","0",0.600000023841858,37,0.800000011920929,"1","0",NA,NA
"33312262","yongfengyangzu",3,"yongfeng",1,75,19,"0",40,5,NA,"0","0",30,"1","1","0","1","0","1","0","0",0.800000011920929,39,0,"0","0",NA,NA
"33312266","yongfengyangzu",3,"yongfeng",1,65,10,"0",70,12,NA,"1","1",20,"1","0","0","1","0","0","1","0",0.600000023841858,39,0.800000011920929,"0","0",NA,NA
"3335025","yazhoushangbian1",3,"yazhou",1,77,2,"0",30,4,NA,"1","1",20,"1","1","1","1","0","0","0","1",0.800000011920929,34,0.800000011920929,"0","0",NA,NA
"3335027","yazhoushangbian1",3,"yazhou",0,47,5,"1",80,18,NA,"1","1",20,"1","1","1","0","1","0","0","1",NA,34,0.800000011920929,"1","0",NA,NA
"3335028","yazhoushangbian1",3,"yazhou",0,72,2,"2",40,5,NA,"0","0",50,"1","1","1","0","1","0","0","1",NA,34,0.400000005960464,"1","1",NA,NA
"3335029","yazhoushangbian1",3,"yazhou",1,33,2,"2",80,18,NA,"1","1",40,"1","1","1","1","0","0","0","1",0.800000011920929,34,0.600000023841858,"1","1",NA,NA
"3335042","yazhoushangbian1",3,"yazhou",0,47,4,"2",40,7,NA,"1","1",20,"1","1","1","0","1","0","0","1",NA,34,0.800000011920929,"1","1",NA,NA
"3335049","yazhoushangbian1",3,"yazhou",1,40,5,"2",10,4.5,NA,"1","1",20,"1","1","1","1","0","1","0","0",0.600000023841858,34,0.800000011920929,"1","1",NA,NA
"3335058","yazhoushangbian1",3,"yazhou",0,47,3,"1",60,7.5,NA,"0","0",0,"1","1","1","0","1","0","0","1",0.800000011920929,34,0,"1","0","0","0"
"3335089","yazhoushangbian2",3,"yazhou",0,73,6,"0",30,4,NA,"1","1",20,"1","0","0","0","0","0","0","1",NA,32,0.800000011920929,"0","0",NA,NA
"3335124","yazhouxiabian1",3,"yazhou",0,73,5,"1",30,4,NA,"1","1",20,"1","1","0","0","1","0","0","1",NA,32,0.800000011920929,"1","0",NA,NA
"3335149","yazhouxiabian1",3,"yazhou",1,70,2,"1",10,4,NA,"1","1",20,"1","1","0","1","0","0","0","1",0.800000011920929,32,0.800000011920929,"1","0",NA,NA
"3335150","yazhouxiabian1",3,"yazhou",0,62,2,"1",60,10,NA,"0","0",50,"1","1","0","0","0","0","0","1",0,32,0.400000005960464,"1","0",NA,NA
